p,exclusion_rate,median_M
0.0,0.96,52.45008796387751
0.01,0.96,47.91952243374037
0.02,0.945,54.67216896731318
0.03,0.965,52.236220991474646
0.04,0.945,49.87519301269319
0.05,0.965,50.510882394467984
0.06,0.95,55.15332978391275
0.07,0.96,52.19861208223499
0.08,0.965,51.0667447593229
0.09,0.97,52.722892047701606
0.1,0.985,52.365012605513094
0.11,0.965,50.92724723312219
0.12,0.96,49.955247048587765
